[
{
  "model": "blog.post",
  "pk": 52,
  "fields": {
    "title": "Overnight Oats with Berries and Honey",
    "slug": "overnight-oats-with-berries-and-honey-1",
    "body": "# Overnight Oats with Berries and Honey\n\nA creamy breakfast jar with rolled oats, yogurt, berries, and a drizzle of honey.\n\n## Ingredients\n- 1 cup rolled oats\n- 1 cup milk or oat milk\n- 1/2 cup Greek yogurt\n- 1 tablespoon chia seeds\n- 1/2 cup mixed berries\n- 1 tablespoon honey\n\n## Method\n1. Combine oats, milk, yogurt, and chia seeds in a jar or bowl.\n2. Stir well, cover, and refrigerate overnight.\n3. Top with berries and honey before serving.\n\n## Notes\nServe immediately while warm or keep chilled for meal prep.",
    "created_at": "2026-02-10T09:24:59.871Z",
    "updated": "2026-05-17T12:24:59.872Z",
    "publish": "2026-02-11T12:24:59.871Z",
    "category": 19,
    "status": "PB",
    "author": 12,
    "is_featured": false
  }
},
{
  "model": "blog.post",
  "pk": 53,
  "fields": {
    "title": "Avocado Toast with Chili Flakes and Lemon",
    "slug": "avocado-toast-with-chili-flakes-and-lemon-2",
    "body": "# Avocado Toast with Chili Flakes and Lemon\n\nA bright, savory toast topped with smashed avocado, lemon, and a little heat.\n\n## Ingredients\n- 2 slices sourdough bread\n- 1 ripe avocado\n- 1 teaspoon lemon juice\n- Pinch of salt\n- Pinch of chili flakes\n- Olive oil for drizzling\n\n## Method\n1. Toast the bread until golden and crisp.\n2. Mash the avocado with lemon juice and salt.\n3. Spread on toast, then finish with chili flakes and olive oil.\n\n## Notes\nServe immediately while warm or keep chilled for meal prep.",
    "created_at": "2025-10-08T14:24:59.922Z",
    "updated": "2026-05-17T12:24:59.922Z",
    "publish": "2025-10-11T12:24:59.922Z",
    "category": 19,
    "status": "PB",
    "author": 7,
    "is_featured": false
  }
},
{
  "model": "blog.post",
  "pk": 54,
  "fields": {
    "title": "Spinach Feta Breakfast Wrap",
    "slug": "spinach-feta-breakfast-wrap-3",
    "body": "# Spinach Feta Breakfast Wrap\n\nA portable breakfast wrap filled with eggs, spinach, and feta cheese.\n\n## Ingredients\n- 2 eggs\n- 1 cup spinach\n- 2 tablespoons crumbled feta\n- 1 large tortilla\n- 1 teaspoon butter\n- Salt and pepper\n\n## Method\n1. Scramble the eggs in butter with spinach, salt, and pepper.\n2. Warm the tortilla and spoon the filling into the center.\n3. Add feta, wrap tightly, and serve warm.\n\n## Notes\nServe immediately while warm or keep chilled for meal prep.",
    "created_at": "2026-02-24T10:24:59.955Z",
    "updated": "2026-05-17T12:24:59.955Z",
    "publish": "2026-02-26T12:24:59.955Z",
    "category": 19,
    "status": "PB",
    "author": 9,
    "is_featured": false
  }
},
{
  "model": "blog.post",
  "pk": 55,
  "fields": {
    "title": "Blueberry Banana Pancakes",
    "slug": "blueberry-banana-pancakes-4",
    "body": "# Blueberry Banana Pancakes\n\nFluffy pancakes with mashed banana and blueberries for a naturally sweet start.\n\n## Ingredients\n- 1 ripe banana\n- 1 cup flour\n- 1 tablespoon sugar\n- 1 teaspoon baking powder\n- 1 cup milk\n- 1/2 cup blueberries\n\n## Method\n1. Mix the dry ingredients in a bowl.\n2. Stir in mashed banana and milk until just combined.\n3. Fold in blueberries and cook on a hot skillet until golden.\n\n## Notes\nServe immediately while warm or keep chilled for meal prep.",
    "created_at": "2026-01-04T16:24:59.987Z",
    "updated": "2026-05-17T12:24:59.987Z",
    "publish": "2026-01-05T12:24:59.987Z",
    "category": 19,
    "status": "PB",
    "author": 10,
    "is_featured": false
  }
},
{
  "model": "blog.post",
  "pk": 56,
  "fields": {
    "title": "Chicken Caesar Lunch Wrap",
    "slug": "chicken-caesar-lunch-wrap-5",
    "body": "# Chicken Caesar Lunch Wrap\n\nA crisp and creamy wrap with chicken, romaine, Parmesan, and Caesar dressing.\n\n## Ingredients\n- 1 cup cooked chicken\n- 1 cup chopped romaine\n- 2 tablespoons Caesar dressing\n- 2 tablespoons Parmesan\n- 1 large tortilla\n- Black pepper\n\n## Method\n1. Toss the chicken and romaine with Caesar dressing.\n2. Add Parmesan and black pepper.\n3. Wrap tightly in a tortilla and slice in half.\n\n## Notes\nServe immediately while warm or keep chilled for meal prep.",
    "created_at": "2025-10-07T14:25:00.020Z",
    "updated": "2026-05-17T12:25:00.020Z",
    "publish": null,
    "category": 20,
    "status": "DF",
    "author": 12,
    "is_featured": false
  }
},
{
  "model": "blog.post",
  "pk": 57,
  "fields": {
    "title": "Roasted Veggie Quinoa Bowl",
    "slug": "roasted-veggie-quinoa-bowl-6",
    "body": "# Roasted Veggie Quinoa Bowl\n\nA colorful grain bowl with quinoa, roasted vegetables, and tahini dressing.\n\n## Ingredients\n- 1 cup cooked quinoa\n- 1 cup roasted vegetables\n- 2 tablespoons tahini\n- 1 tablespoon lemon juice\n- 1 teaspoon olive oil\n- Salt and pepper\n\n## Method\n1. Layer quinoa and roasted vegetables in a bowl.\n2. Whisk tahini, lemon juice, olive oil, salt, and pepper.\n3. Drizzle the dressing over the bowl and serve.\n\n## Notes\nServe immediately while warm or keep chilled for meal prep.",
    "created_at": "2026-03-16T05:25:00.037Z",
    "updated": "2026-05-17T12:25:00.037Z",
    "publish": "2026-03-18T12:25:00.037Z",
    "category": 20,
    "status": "PB",
    "author": 10,
    "is_featured": false
  }
},
{
  "model": "blog.post",
  "pk": 58,
  "fields": {
    "title": "Tomato Basil Soup with Grilled Cheese",
    "slug": "tomato-basil-soup-with-grilled-cheese-7",
    "body": "# Tomato Basil Soup with Grilled Cheese\n\nA cozy soup-and-sandwich lunch with a smooth tomato base and crispy cheese toasties.\n\n## Ingredients\n- 2 cups tomato soup\n- 1 handful basil leaves\n- 2 slices bread\n- 2 slices cheddar cheese\n- 1 tablespoon butter\n- Salt and pepper\n\n## Method\n1. Warm the tomato soup and stir in chopped basil.\n2. Assemble and grill the cheese sandwich in butter.\n3. Serve the soup with the sandwich on the side.\n\n## Notes\nServe immediately while warm or keep chilled for meal prep.",
    "created_at": "2026-05-13T19:25:00.052Z",
    "updated": "2026-05-17T12:25:00.053Z",
    "publish": null,
    "category": 20,
    "status": "DF",
    "author": 10,
    "is_featured": true
  }
},
{
  "model": "blog.post",
  "pk": 59,
  "fields": {
    "title": "Turkey Pesto Panini",
    "slug": "turkey-pesto-panini-8",
    "body": "# Turkey Pesto Panini\n\nA pressed sandwich with turkey, pesto, mozzarella, and tomatoes.\n\n## Ingredients\n- 2 slices ciabatta\n- 3 slices turkey\n- 1 tablespoon pesto\n- 2 slices mozzarella\n- 2 slices tomato\n- Butter for the bread\n\n## Method\n1. Spread pesto on the bread and layer turkey, mozzarella, and tomato.\n2. Butter the outside of the sandwich.\n3. Press until crisp and the cheese is melted.\n\n## Notes\nServe immediately while warm or keep chilled for meal prep.",
    "created_at": "2026-04-12T22:25:00.076Z",
    "updated": "2026-05-17T12:25:00.076Z",
    "publish": "2026-04-15T12:25:00.076Z",
    "category": 20,
    "status": "PB",
    "author": 10,
    "is_featured": true
  }
},
{
  "model": "blog.post",
  "pk": 60,
  "fields": {
    "title": "One Pan Lemon Herb Salmon",
    "slug": "one-pan-lemon-herb-salmon-9",
    "body": "# One Pan Lemon Herb Salmon\n\nA bright salmon dinner with lemon, herbs, and tender vegetables.\n\n## Ingredients\n- 2 salmon fillets\n- 1 lemon\n- 1 teaspoon dried herbs\n- 1 cup asparagus\n- 1 tablespoon olive oil\n- Salt and pepper\n\n## Method\n1. Season salmon and vegetables with olive oil, herbs, salt, and pepper.\n2. Roast on a sheet pan until the salmon flakes easily.\n3. Finish with lemon juice and serve hot.\n\n## Notes\nServe immediately while warm or keep chilled for meal prep.",
    "created_at": "2026-04-28T17:25:00.095Z",
    "updated": "2026-05-17T12:25:00.095Z",
    "publish": "2026-04-30T12:25:00.095Z",
    "category": 21,
    "status": "PB",
    "author": 9,
    "is_featured": false
  }
},
{
  "model": "blog.post",
  "pk": 61,
  "fields": {
    "title": "Creamy Mushroom Pasta",
    "slug": "creamy-mushroom-pasta-10",
    "body": "# Creamy Mushroom Pasta\n\nSilky pasta with sauteed mushrooms, garlic, and a light cream sauce.\n\n## Ingredients\n- 8 ounces pasta\n- 1 cup mushrooms\n- 2 cloves garlic\n- 1/2 cup cream\n- 2 tablespoons Parmesan\n- Parsley for garnish\n\n## Method\n1. Cook pasta until al dente and reserve some cooking water.\n2. Saute mushrooms and garlic until fragrant.\n3. Stir in cream, Parmesan, and pasta until coated.\n\n## Notes\nServe immediately while warm or keep chilled for meal prep.",
    "created_at": "2026-04-28T07:25:00.117Z",
    "updated": "2026-05-17T12:25:00.117Z",
    "publish": "2026-04-29T12:25:00.117Z",
    "category": 21,
    "status": "PB",
    "author": 9,
    "is_featured": false
  }
},
{
  "model": "blog.post",
  "pk": 62,
  "fields": {
    "title": "Sheet Pan Chicken Fajitas",
    "slug": "sheet-pan-chicken-fajitas-11",
    "body": "# Sheet Pan Chicken Fajitas\n\nColorful chicken fajitas roasted on a single tray for an easy dinner.\n\n## Ingredients\n- 2 chicken breasts\n- 1 bell pepper\n- 1 onion\n- 1 tablespoon fajita seasoning\n- 4 tortillas\n- Lime wedges\n\n## Method\n1. Slice the chicken and vegetables, then toss with seasoning.\n2. Roast on a sheet pan until cooked through.\n3. Serve in tortillas with lime wedges.\n\n## Notes\nServe immediately while warm or keep chilled for meal prep.",
    "created_at": "2025-11-17T12:25:00.138Z",
    "updated": "2026-05-17T12:25:00.138Z",
    "publish": "2025-11-18T12:25:00.138Z",
    "category": 21,
    "status": "PB",
    "author": 12,
    "is_featured": false
  }
},
{
  "model": "blog.post",
  "pk": 63,
  "fields": {
    "title": "Vegetable Coconut Curry",
    "slug": "vegetable-coconut-curry-12",
    "body": "# Vegetable Coconut Curry\n\nA fragrant curry with coconut milk, chickpeas, and seasonal vegetables.\n\n## Ingredients\n- 1 cup mixed vegetables\n- 1 cup chickpeas\n- 1 can coconut milk\n- 1 tablespoon curry paste\n- 1 cup rice\n- Cilantro for garnish\n\n## Method\n1. Simmer curry paste with coconut milk until smooth.\n2. Add vegetables and chickpeas and cook until tender.\n3. Serve over rice and garnish with cilantro.\n\n## Notes\nServe immediately while warm or keep chilled for meal prep.",
    "created_at": "2026-04-06T03:25:00.156Z",
    "updated": "2026-05-17T12:25:00.156Z",
    "publish": "2026-04-07T12:25:00.156Z",
    "category": 21,
    "status": "PB",
    "author": 11,
    "is_featured": false
  }
},
{
  "model": "blog.post",
  "pk": 64,
  "fields": {
    "title": "Garlic Butter Steak Bites",
    "slug": "garlic-butter-steak-bites-13",
    "body": "# Garlic Butter Steak Bites\n\nSeared steak bites finished in garlic butter for a rich and simple dinner.\n\n## Ingredients\n- 1 pound steak\n- 2 tablespoons butter\n- 2 cloves garlic\n- 1 teaspoon rosemary\n- Salt and pepper\n- Mashed potatoes for serving\n\n## Method\n1. Pat steak dry, season generously, and sear in a hot pan.\n2. Add butter, garlic, and rosemary to coat the steak bites.\n3. Serve immediately over mashed potatoes.\n\n## Notes\nServe immediately while warm or keep chilled for meal prep.",
    "created_at": "2025-10-11T02:25:00.179Z",
    "updated": "2026-05-17T12:25:00.179Z",
    "publish": "2025-10-11T12:25:00.179Z",
    "category": 21,
    "status": "PB",
    "author": 11,
    "is_featured": false
  }
},
{
  "model": "blog.post",
  "pk": 65,
  "fields": {
    "title": "Lentil and Sweet Potato Stew",
    "slug": "lentil-and-sweet-potato-stew-14",
    "body": "# Lentil and Sweet Potato Stew\n\nA hearty stew with lentils, sweet potato, and warm spices.\n\n## Ingredients\n- 1 cup lentils\n- 1 sweet potato\n- 1 onion\n- 2 cups vegetable broth\n- 1 teaspoon cumin\n- 1 teaspoon smoked paprika\n\n## Method\n1. Saute onion with spices until fragrant.\n2. Add lentils, sweet potato, and broth, then simmer until tender.\n3. Season to taste and serve warm.\n\n## Notes\nServe immediately while warm or keep chilled for meal prep.",
    "created_at": "2026-02-06T22:25:00.201Z",
    "updated": "2026-05-17T12:25:00.201Z",
    "publish": "2026-02-09T12:25:00.201Z",
    "category": 21,
    "status": "PB",
    "author": 8,
    "is_featured": false
  }
},
{
  "model": "blog.post",
  "pk": 66,
  "fields": {
    "title": "Chocolate Chip Banana Muffins",
    "slug": "chocolate-chip-banana-muffins-15",
    "body": "# Chocolate Chip Banana Muffins\n\nSoft muffins with ripe banana and pockets of melted chocolate.\n\n## Ingredients\n- 2 ripe bananas\n- 1 1/2 cups flour\n- 1/2 cup sugar\n- 1 teaspoon baking powder\n- 1 egg\n- 1/2 cup chocolate chips\n\n## Method\n1. Mash the bananas and mix with the wet ingredients.\n2. Fold in the dry ingredients and chocolate chips.\n3. Bake until the tops spring back when touched.\n\n## Notes\nServe immediately while warm or keep chilled for meal prep.",
    "created_at": "2026-05-01T23:25:00.219Z",
    "updated": "2026-05-17T12:25:00.220Z",
    "publish": "2026-05-03T12:25:00.219Z",
    "category": 22,
    "status": "PB",
    "author": 11,
    "is_featured": false
  }
},
{
  "model": "blog.post",
  "pk": 67,
  "fields": {
    "title": "No Bake Cheesecake Cups",
    "slug": "no-bake-cheesecake-cups-16",
    "body": "# No Bake Cheesecake Cups\n\nIndividual cheesecake cups layered with crumb crust and berries.\n\n## Ingredients\n- 1 cup crushed cookies\n- 2 tablespoons melted butter\n- 8 ounces cream cheese\n- 1/4 cup sugar\n- 1 cup whipped topping\n- Mixed berries\n\n## Method\n1. Mix cookie crumbs with butter and press into cups.\n2. Beat cream cheese with sugar and fold in whipped topping.\n3. Layer into cups and top with berries before chilling.\n\n## Notes\nServe immediately while warm or keep chilled for meal prep.",
    "created_at": "2026-03-22T04:25:00.241Z",
    "updated": "2026-05-17T12:25:00.241Z",
    "publish": "2026-03-22T12:25:00.241Z",
    "category": 22,
    "status": "PB",
    "author": 11,
    "is_featured": false
  }
},
{
  "model": "blog.post",
  "pk": 68,
  "fields": {
    "title": "Lemon Olive Oil Cake",
    "slug": "lemon-olive-oil-cake-17",
    "body": "# Lemon Olive Oil Cake\n\nA tender citrus cake with a light crumb and glossy lemon glaze.\n\n## Ingredients\n- 2 cups flour\n- 1 cup sugar\n- 3 eggs\n- 1/2 cup olive oil\n- 1 lemon, zested and juiced\n- Powdered sugar for glaze\n\n## Method\n1. Whisk the wet ingredients together, then fold in the dry ingredients.\n2. Bake until a tester comes out clean.\n3. Finish with a simple lemon glaze after cooling.\n\n## Notes\nServe immediately while warm or keep chilled for meal prep.",
    "created_at": "2026-03-23T16:25:00.258Z",
    "updated": "2026-05-17T12:25:00.258Z",
    "publish": "2026-03-26T12:25:00.258Z",
    "category": 22,
    "status": "PB",
    "author": 9,
    "is_featured": false
  }
},
{
  "model": "blog.post",
  "pk": 69,
  "fields": {
    "title": "Brown Butter Rice Krispie Treats",
    "slug": "brown-butter-rice-krispie-treats-18",
    "body": "# Brown Butter Rice Krispie Treats\n\nA nostalgic treat upgraded with nutty brown butter and extra vanilla.\n\n## Ingredients\n- 4 tablespoons butter\n- 1 bag marshmallows\n- 6 cups crispy rice cereal\n- 1 teaspoon vanilla\n- Pinch of salt\n- Sprinkles optional\n\n## Method\n1. Brown the butter in a large pot.\n2. Stir in marshmallows until melted, then add vanilla and salt.\n3. Fold in cereal, press into a pan, and cool before slicing.\n\n## Notes\nServe immediately while warm or keep chilled for meal prep.",
    "created_at": "2025-11-13T13:25:00.276Z",
    "updated": "2026-05-17T12:25:00.276Z",
    "publish": "2025-11-14T12:25:00.276Z",
    "category": 22,
    "status": "PB",
    "author": 8,
    "is_featured": false
  }
},
{
  "model": "blog.post",
  "pk": 70,
  "fields": {
    "title": "Mango Lime Smoothie",
    "slug": "mango-lime-smoothie-19",
    "body": "# Mango Lime Smoothie\n\nA bright smoothie with mango, lime, and yogurt for a refreshing snack.\n\n## Ingredients\n- 1 cup frozen mango\n- 1/2 banana\n- 1/2 cup yogurt\n- 1/2 cup orange juice\n- 1 teaspoon lime juice\n- Ice as needed\n\n## Method\n1. Add all ingredients to a blender.\n2. Blend until smooth and pour into a chilled glass.\n3. Serve immediately.\n\n## Notes\nServe immediately while warm or keep chilled for meal prep.",
    "created_at": "2025-10-31T21:25:00.294Z",
    "updated": "2026-05-17T12:25:00.294Z",
    "publish": "2025-11-01T12:25:00.294Z",
    "category": 24,
    "status": "PB",
    "author": 7,
    "is_featured": false
  }
},
{
  "model": "blog.post",
  "pk": 71,
  "fields": {
    "title": "Iced Vanilla Cold Brew",
    "slug": "iced-vanilla-cold-brew-20",
    "body": "# Iced Vanilla Cold Brew\n\nA simple coffee drink with cold brew, vanilla, and milk over ice.\n\n## Ingredients\n- 1 cup cold brew coffee\n- 1/4 cup milk\n- 1 teaspoon vanilla syrup\n- Ice\n- Optional cinnamon\n- Optional sweetener\n\n## Method\n1. Fill a glass with ice.\n2. Pour in cold brew, milk, and vanilla syrup.\n3. Stir and adjust sweetness to taste.\n\n## Notes\nServe immediately while warm or keep chilled for meal prep.",
    "created_at": "2025-10-24T04:25:00.317Z",
    "updated": "2026-05-17T12:25:00.317Z",
    "publish": "2025-10-25T12:25:00.317Z",
    "category": 24,
    "status": "PB",
    "author": 12,
    "is_featured": false
  }
},
{
  "model": "blog.post",
  "pk": 72,
  "fields": {
    "title": "Sparkling Citrus Mocktail",
    "slug": "sparkling-citrus-mocktail-21",
    "body": "# Sparkling Citrus Mocktail\n\nA non-alcoholic citrus drink with sparkling water and fresh herbs.\n\n## Ingredients\n- 1/2 orange\n- 1/2 lemon\n- 1 teaspoon honey\n- 1 cup sparkling water\n- Mint leaves\n- Ice\n\n## Method\n1. Juice the citrus and stir with honey.\n2. Pour over ice and top with sparkling water.\n3. Garnish with mint and serve cold.\n\n## Notes\nServe immediately while warm or keep chilled for meal prep.",
    "created_at": "2025-10-07T16:25:00.336Z",
    "updated": "2026-05-17T12:25:00.336Z",
    "publish": "2025-10-10T12:25:00.336Z",
    "category": 24,
    "status": "PB",
    "author": 10,
    "is_featured": false
  }
},
{
  "model": "blog.post",
  "pk": 73,
  "fields": {
    "title": "Roasted Chickpea Snack Mix",
    "slug": "roasted-chickpea-snack-mix-22",
    "body": "# Roasted Chickpea Snack Mix\n\nA crunchy snack mix with roasted chickpeas, seeds, and spices.\n\n## Ingredients\n- 1 cup chickpeas\n- 1 tablespoon olive oil\n- 1 teaspoon paprika\n- 1/2 cup nuts or seeds\n- Salt to taste\n- Optional chili powder\n\n## Method\n1. Toss chickpeas with oil and spices.\n2. Roast until crisp, then cool completely.\n3. Mix with nuts or seeds and store in an airtight container.\n\n## Notes\nServe immediately while warm or keep chilled for meal prep.",
    "created_at": "2026-04-28T07:25:00.351Z",
    "updated": "2026-05-17T12:25:00.351Z",
    "publish": "2026-04-29T12:25:00.351Z",
    "category": 23,
    "status": "PB",
    "author": 8,
    "is_featured": false
  }
},
{
  "model": "blog.post",
  "pk": 74,
  "fields": {
    "title": "Peanut Butter Energy Bites",
    "slug": "peanut-butter-energy-bites-23",
    "body": "# Peanut Butter Energy Bites\n\nNo-bake bites made with oats, peanut butter, and honey.\n\n## Ingredients\n- 1 cup oats\n- 1/2 cup peanut butter\n- 1/4 cup honey\n- 2 tablespoons mini chocolate chips\n- 1 tablespoon chia seeds\n- Pinch of salt\n\n## Method\n1. Stir all ingredients together in a bowl.\n2. Roll into small balls and chill until firm.\n3. Store in the fridge for grab-and-go snacks.\n\n## Notes\nServe immediately while warm or keep chilled for meal prep.",
    "created_at": "2026-02-10T21:25:00.371Z",
    "updated": "2026-05-17T12:25:00.371Z",
    "publish": null,
    "category": 23,
    "status": "DF",
    "author": 7,
    "is_featured": false
  }
},
{
  "model": "blog.post",
  "pk": 75,
  "fields": {
    "title": "Herb Hummus Veggie Plate",
    "slug": "herb-hummus-veggie-plate-24",
    "body": "# Herb Hummus Veggie Plate\n\nA snack plate with hummus, crunchy vegetables, and warm pita.\n\n## Ingredients\n- 1 cup hummus\n- Carrot sticks\n- Cucumber slices\n- Bell pepper strips\n- Warm pita\n- Fresh herbs\n\n## Method\n1. Spread hummus on a plate or shallow bowl.\n2. Arrange vegetables and pita around the hummus.\n3. Finish with chopped herbs and a drizzle of olive oil.\n\n## Notes\nServe immediately while warm or keep chilled for meal prep.",
    "created_at": "2026-04-13T01:25:00.390Z",
    "updated": "2026-05-17T12:25:00.390Z",
    "publish": "2026-04-14T12:25:00.390Z",
    "category": 23,
    "status": "PB",
    "author": 12,
    "is_featured": false
  }
},
{
  "model": "blog.category",
  "pk": 19,
  "fields": {
    "name": "Breakfast"
  }
},
{
  "model": "blog.category",
  "pk": 20,
  "fields": {
    "name": "Lunch"
  }
},
{
  "model": "blog.category",
  "pk": 21,
  "fields": {
    "name": "Dinner"
  }
},
{
  "model": "blog.category",
  "pk": 22,
  "fields": {
    "name": "Dessert"
  }
},
{
  "model": "blog.category",
  "pk": 23,
  "fields": {
    "name": "Snacks"
  }
},
{
  "model": "blog.category",
  "pk": 24,
  "fields": {
    "name": "Drinks"
  }
},
{
  "model": "blog.category",
  "pk": 25,
  "fields": {
    "name": "Vegetarian"
  }
},
{
  "model": "blog.category",
  "pk": 26,
  "fields": {
    "name": "Meal Prep"
  }
},
{
  "model": "blog.comment",
  "pk": 201,
  "fields": {
    "post": 52,
    "name": "Reader 1",
    "email": "reader1@example.com",
    "body": "My family asked for seconds, so this is a keeper.",
    "created_at": "2026-05-17T12:25:00.410Z",
    "updated": "2026-05-17T12:25:00.410Z",
    "active": true
  }
},
{
  "model": "blog.comment",
  "pk": 202,
  "fields": {
    "post": 72,
    "name": "Reader 2",
    "email": "reader2@example.com",
    "body": "Perfect for a busy weeknight and easy to follow.",
    "created_at": "2026-05-17T12:25:00.411Z",
    "updated": "2026-05-17T12:25:00.411Z",
    "active": true
  }
},
{
  "model": "blog.comment",
  "pk": 203,
  "fields": {
    "post": 62,
    "name": "Reader 3",
    "email": "reader3@example.com",
    "body": "My family asked for seconds, so this is a keeper.",
    "created_at": "2026-05-17T12:25:00.413Z",
    "updated": "2026-05-17T12:25:00.413Z",
    "active": true
  }
},
{
  "model": "blog.comment",
  "pk": 204,
  "fields": {
    "post": 73,
    "name": "Reader 4",
    "email": "reader4@example.com",
    "body": "My family asked for seconds, so this is a keeper.",
    "created_at": "2026-05-17T12:25:00.414Z",
    "updated": "2026-05-17T12:25:00.414Z",
    "active": true
  }
},
{
  "model": "blog.comment",
  "pk": 205,
  "fields": {
    "post": 65,
    "name": "Reader 5",
    "email": "reader5@example.com",
    "body": "I baked it a little longer and the texture was spot on.",
    "created_at": "2026-05-17T12:25:00.416Z",
    "updated": "2026-05-17T12:25:00.416Z",
    "active": true
  }
},
{
  "model": "blog.comment",
  "pk": 206,
  "fields": {
    "post": 63,
    "name": "Reader 6",
    "email": "reader6@example.com",
    "body": "I baked it a little longer and the texture was spot on.",
    "created_at": "2026-05-17T12:25:00.418Z",
    "updated": "2026-05-17T12:25:00.418Z",
    "active": true
  }
},
{
  "model": "blog.comment",
  "pk": 207,
  "fields": {
    "post": 58,
    "name": "Reader 7",
    "email": "reader7@example.com",
    "body": "Simple steps and the flavor is excellent.",
    "created_at": "2026-05-17T12:25:00.419Z",
    "updated": "2026-05-17T12:25:00.419Z",
    "active": true
  }
},
{
  "model": "blog.comment",
  "pk": 208,
  "fields": {
    "post": 63,
    "name": "Reader 8",
    "email": "reader8@example.com",
    "body": "My family asked for seconds, so this is a keeper.",
    "created_at": "2026-05-17T12:25:00.420Z",
    "updated": "2026-05-17T12:25:00.420Z",
    "active": true
  }
},
{
  "model": "blog.comment",
  "pk": 209,
  "fields": {
    "post": 74,
    "name": "Reader 9",
    "email": "reader9@example.com",
    "body": "Made this for dinner and it disappeared fast.",
    "created_at": "2026-05-17T12:25:00.421Z",
    "updated": "2026-05-17T12:25:00.421Z",
    "active": true
  }
},
{
  "model": "blog.comment",
  "pk": 210,
  "fields": {
    "post": 55,
    "name": "Reader 10",
    "email": "reader10@example.com",
    "body": "I swapped in whole wheat pasta and it still worked well.",
    "created_at": "2026-05-17T12:25:00.422Z",
    "updated": "2026-05-17T12:25:00.422Z",
    "active": true
  }
},
{
  "model": "blog.comment",
  "pk": 211,
  "fields": {
    "post": 59,
    "name": "Reader 11",
    "email": "reader11@example.com",
    "body": "I baked it a little longer and the texture was spot on.",
    "created_at": "2026-05-17T12:25:00.423Z",
    "updated": "2026-05-17T12:25:00.423Z",
    "active": true
  }
},
{
  "model": "blog.comment",
  "pk": 212,
  "fields": {
    "post": 75,
    "name": "Reader 12",
    "email": "reader12@example.com",
    "body": "Perfect for a busy weeknight and easy to follow.",
    "created_at": "2026-05-17T12:25:00.424Z",
    "updated": "2026-05-17T12:25:00.424Z",
    "active": true
  }
},
{
  "model": "blog.comment",
  "pk": 213,
  "fields": {
    "post": 67,
    "name": "Reader 13",
    "email": "reader13@example.com",
    "body": "I baked it a little longer and the texture was spot on.",
    "created_at": "2026-05-17T12:25:00.425Z",
    "updated": "2026-05-17T12:25:00.425Z",
    "active": true
  }
},
{
  "model": "blog.comment",
  "pk": 214,
  "fields": {
    "post": 56,
    "name": "Reader 14",
    "email": "reader14@example.com",
    "body": "Perfect for a busy weeknight and easy to follow.",
    "created_at": "2026-05-17T12:25:00.426Z",
    "updated": "2026-05-17T12:25:00.426Z",
    "active": true
  }
},
{
  "model": "blog.comment",
  "pk": 215,
  "fields": {
    "post": 75,
    "name": "Reader 15",
    "email": "reader15@example.com",
    "body": "I swapped in whole wheat pasta and it still worked well.",
    "created_at": "2026-05-17T12:25:00.428Z",
    "updated": "2026-05-17T12:25:00.428Z",
    "active": true
  }
},
{
  "model": "blog.comment",
  "pk": 216,
  "fields": {
    "post": 64,
    "name": "Reader 16",
    "email": "reader16@example.com",
    "body": "I added extra herbs and it turned out great.",
    "created_at": "2026-05-17T12:25:00.429Z",
    "updated": "2026-05-17T12:25:00.429Z",
    "active": true
  }
},
{
  "model": "blog.comment",
  "pk": 217,
  "fields": {
    "post": 54,
    "name": "Reader 17",
    "email": "reader17@example.com",
    "body": "I swapped in whole wheat pasta and it still worked well.",
    "created_at": "2026-05-17T12:25:00.431Z",
    "updated": "2026-05-17T12:25:00.431Z",
    "active": true
  }
},
{
  "model": "blog.comment",
  "pk": 218,
  "fields": {
    "post": 55,
    "name": "Reader 18",
    "email": "reader18@example.com",
    "body": "I baked it a little longer and the texture was spot on.",
    "created_at": "2026-05-17T12:25:00.433Z",
    "updated": "2026-05-17T12:25:00.433Z",
    "active": true
  }
},
{
  "model": "blog.comment",
  "pk": 219,
  "fields": {
    "post": 75,
    "name": "Reader 19",
    "email": "reader19@example.com",
    "body": "Perfect for a busy weeknight and easy to follow.",
    "created_at": "2026-05-17T12:25:00.434Z",
    "updated": "2026-05-17T12:25:00.434Z",
    "active": true
  }
},
{
  "model": "blog.comment",
  "pk": 220,
  "fields": {
    "post": 52,
    "name": "Reader 20",
    "email": "reader20@example.com",
    "body": "I swapped in whole wheat pasta and it still worked well.",
    "created_at": "2026-05-17T12:25:00.436Z",
    "updated": "2026-05-17T12:25:00.436Z",
    "active": true
  }
},
{
  "model": "blog.comment",
  "pk": 221,
  "fields": {
    "post": 55,
    "name": "Reader 21",
    "email": "reader21@example.com",
    "body": "I baked it a little longer and the texture was spot on.",
    "created_at": "2026-05-17T12:25:00.437Z",
    "updated": "2026-05-17T12:25:00.437Z",
    "active": true
  }
},
{
  "model": "blog.comment",
  "pk": 222,
  "fields": {
    "post": 68,
    "name": "Reader 22",
    "email": "reader22@example.com",
    "body": "Made this for dinner and it disappeared fast.",
    "created_at": "2026-05-17T12:25:00.438Z",
    "updated": "2026-05-17T12:25:00.438Z",
    "active": true
  }
},
{
  "model": "blog.comment",
  "pk": 223,
  "fields": {
    "post": 64,
    "name": "Reader 23",
    "email": "reader23@example.com",
    "body": "I swapped in whole wheat pasta and it still worked well.",
    "created_at": "2026-05-17T12:25:00.439Z",
    "updated": "2026-05-17T12:25:00.439Z",
    "active": true
  }
},
{
  "model": "blog.comment",
  "pk": 224,
  "fields": {
    "post": 73,
    "name": "Reader 24",
    "email": "reader24@example.com",
    "body": "Perfect for a busy weeknight and easy to follow.",
    "created_at": "2026-05-17T12:25:00.440Z",
    "updated": "2026-05-17T12:25:00.440Z",
    "active": true
  }
},
{
  "model": "blog.comment",
  "pk": 225,
  "fields": {
    "post": 62,
    "name": "Reader 25",
    "email": "reader25@example.com",
    "body": "I baked it a little longer and the texture was spot on.",
    "created_at": "2026-05-17T12:25:00.441Z",
    "updated": "2026-05-17T12:25:00.441Z",
    "active": true
  }
},
{
  "model": "blog.comment",
  "pk": 226,
  "fields": {
    "post": 68,
    "name": "Reader 26",
    "email": "reader26@example.com",
    "body": "I baked it a little longer and the texture was spot on.",
    "created_at": "2026-05-17T12:25:00.442Z",
    "updated": "2026-05-17T12:25:00.442Z",
    "active": true
  }
},
{
  "model": "blog.comment",
  "pk": 227,
  "fields": {
    "post": 69,
    "name": "Reader 27",
    "email": "reader27@example.com",
    "body": "This is going into my weekly meal prep rotation.",
    "created_at": "2026-05-17T12:25:00.443Z",
    "updated": "2026-05-17T12:25:00.443Z",
    "active": true
  }
},
{
  "model": "blog.comment",
  "pk": 228,
  "fields": {
    "post": 66,
    "name": "Reader 28",
    "email": "reader28@example.com",
    "body": "I added extra herbs and it turned out great.",
    "created_at": "2026-05-17T12:25:00.444Z",
    "updated": "2026-05-17T12:25:00.444Z",
    "active": true
  }
},
{
  "model": "blog.comment",
  "pk": 229,
  "fields": {
    "post": 64,
    "name": "Reader 29",
    "email": "reader29@example.com",
    "body": "Made this for dinner and it disappeared fast.",
    "created_at": "2026-05-17T12:25:00.445Z",
    "updated": "2026-05-17T12:25:00.445Z",
    "active": true
  }
},
{
  "model": "blog.comment",
  "pk": 230,
  "fields": {
    "post": 59,
    "name": "Reader 30",
    "email": "reader30@example.com",
    "body": "Perfect for a busy weeknight and easy to follow.",
    "created_at": "2026-05-17T12:25:00.446Z",
    "updated": "2026-05-17T12:25:00.446Z",
    "active": true
  }
},
{
  "model": "blog.comment",
  "pk": 231,
  "fields": {
    "post": 60,
    "name": "Reader 31",
    "email": "reader31@example.com",
    "body": "This is going into my weekly meal prep rotation.",
    "created_at": "2026-05-17T12:25:00.448Z",
    "updated": "2026-05-17T12:25:00.448Z",
    "active": true
  }
},
{
  "model": "blog.comment",
  "pk": 232,
  "fields": {
    "post": 55,
    "name": "Reader 32",
    "email": "reader32@example.com",
    "body": "Simple steps and the flavor is excellent.",
    "created_at": "2026-05-17T12:25:00.450Z",
    "updated": "2026-05-17T12:25:00.450Z",
    "active": true
  }
},
{
  "model": "blog.comment",
  "pk": 233,
  "fields": {
    "post": 57,
    "name": "Reader 33",
    "email": "reader33@example.com",
    "body": "This is going into my weekly meal prep rotation.",
    "created_at": "2026-05-17T12:25:00.451Z",
    "updated": "2026-05-17T12:25:00.451Z",
    "active": true
  }
},
{
  "model": "blog.comment",
  "pk": 234,
  "fields": {
    "post": 63,
    "name": "Reader 34",
    "email": "reader34@example.com",
    "body": "I swapped in whole wheat pasta and it still worked well.",
    "created_at": "2026-05-17T12:25:00.452Z",
    "updated": "2026-05-17T12:25:00.452Z",
    "active": true
  }
},
{
  "model": "blog.comment",
  "pk": 235,
  "fields": {
    "post": 62,
    "name": "Reader 35",
    "email": "reader35@example.com",
    "body": "Simple steps and the flavor is excellent.",
    "created_at": "2026-05-17T12:25:00.453Z",
    "updated": "2026-05-17T12:25:00.453Z",
    "active": true
  }
},
{
  "model": "blog.comment",
  "pk": 236,
  "fields": {
    "post": 69,
    "name": "Reader 36",
    "email": "reader36@example.com",
    "body": "I added extra herbs and it turned out great.",
    "created_at": "2026-05-17T12:25:00.454Z",
    "updated": "2026-05-17T12:25:00.454Z",
    "active": true
  }
},
{
  "model": "blog.comment",
  "pk": 237,
  "fields": {
    "post": 71,
    "name": "Reader 37",
    "email": "reader37@example.com",
    "body": "Made this for dinner and it disappeared fast.",
    "created_at": "2026-05-17T12:25:00.455Z",
    "updated": "2026-05-17T12:25:00.455Z",
    "active": true
  }
},
{
  "model": "blog.comment",
  "pk": 238,
  "fields": {
    "post": 69,
    "name": "Reader 38",
    "email": "reader38@example.com",
    "body": "This is going into my weekly meal prep rotation.",
    "created_at": "2026-05-17T12:25:00.456Z",
    "updated": "2026-05-17T12:25:00.456Z",
    "active": true
  }
},
{
  "model": "blog.comment",
  "pk": 239,
  "fields": {
    "post": 70,
    "name": "Reader 39",
    "email": "reader39@example.com",
    "body": "I baked it a little longer and the texture was spot on.",
    "created_at": "2026-05-17T12:25:00.457Z",
    "updated": "2026-05-17T12:25:00.457Z",
    "active": true
  }
},
{
  "model": "blog.comment",
  "pk": 240,
  "fields": {
    "post": 52,
    "name": "Reader 40",
    "email": "reader40@example.com",
    "body": "Simple steps and the flavor is excellent.",
    "created_at": "2026-05-17T12:25:00.458Z",
    "updated": "2026-05-17T12:25:00.458Z",
    "active": true
  }
},
{
  "model": "blog.comment",
  "pk": 241,
  "fields": {
    "post": 62,
    "name": "Reader 41",
    "email": "reader41@example.com",
    "body": "This is going into my weekly meal prep rotation.",
    "created_at": "2026-05-17T12:25:00.459Z",
    "updated": "2026-05-17T12:25:00.459Z",
    "active": true
  }
},
{
  "model": "blog.comment",
  "pk": 242,
  "fields": {
    "post": 72,
    "name": "Reader 42",
    "email": "reader42@example.com",
    "body": "I swapped in whole wheat pasta and it still worked well.",
    "created_at": "2026-05-17T12:25:00.460Z",
    "updated": "2026-05-17T12:25:00.460Z",
    "active": true
  }
},
{
  "model": "blog.comment",
  "pk": 243,
  "fields": {
    "post": 70,
    "name": "Reader 43",
    "email": "reader43@example.com",
    "body": "I baked it a little longer and the texture was spot on.",
    "created_at": "2026-05-17T12:25:00.462Z",
    "updated": "2026-05-17T12:25:00.462Z",
    "active": true
  }
},
{
  "model": "blog.comment",
  "pk": 244,
  "fields": {
    "post": 59,
    "name": "Reader 44",
    "email": "reader44@example.com",
    "body": "Simple steps and the flavor is excellent.",
    "created_at": "2026-05-17T12:25:00.463Z",
    "updated": "2026-05-17T12:25:00.463Z",
    "active": true
  }
},
{
  "model": "blog.comment",
  "pk": 245,
  "fields": {
    "post": 71,
    "name": "Reader 45",
    "email": "reader45@example.com",
    "body": "My family asked for seconds, so this is a keeper.",
    "created_at": "2026-05-17T12:25:00.464Z",
    "updated": "2026-05-17T12:25:00.464Z",
    "active": true
  }
},
{
  "model": "blog.comment",
  "pk": 246,
  "fields": {
    "post": 59,
    "name": "Reader 46",
    "email": "reader46@example.com",
    "body": "Perfect for a busy weeknight and easy to follow.",
    "created_at": "2026-05-17T12:25:00.466Z",
    "updated": "2026-05-17T12:25:00.466Z",
    "active": true
  }
},
{
  "model": "blog.comment",
  "pk": 247,
  "fields": {
    "post": 64,
    "name": "Reader 47",
    "email": "reader47@example.com",
    "body": "Perfect for a busy weeknight and easy to follow.",
    "created_at": "2026-05-17T12:25:00.467Z",
    "updated": "2026-05-17T12:25:00.467Z",
    "active": true
  }
},
{
  "model": "blog.comment",
  "pk": 248,
  "fields": {
    "post": 65,
    "name": "Reader 48",
    "email": "reader48@example.com",
    "body": "Perfect for a busy weeknight and easy to follow.",
    "created_at": "2026-05-17T12:25:00.468Z",
    "updated": "2026-05-17T12:25:00.468Z",
    "active": true
  }
},
{
  "model": "blog.comment",
  "pk": 249,
  "fields": {
    "post": 56,
    "name": "Reader 49",
    "email": "reader49@example.com",
    "body": "I added extra herbs and it turned out great.",
    "created_at": "2026-05-17T12:25:00.470Z",
    "updated": "2026-05-17T12:25:00.470Z",
    "active": true
  }
},
{
  "model": "blog.comment",
  "pk": 250,
  "fields": {
    "post": 64,
    "name": "Reader 50",
    "email": "reader50@example.com",
    "body": "Made this for dinner and it disappeared fast.",
    "created_at": "2026-05-17T12:25:00.471Z",
    "updated": "2026-05-17T12:25:00.471Z",
    "active": true
  }
},
{
  "model": "blog.comment",
  "pk": 251,
  "fields": {
    "post": 60,
    "name": "Reader 51",
    "email": "reader51@example.com",
    "body": "Simple steps and the flavor is excellent.",
    "created_at": "2026-05-17T12:25:00.472Z",
    "updated": "2026-05-17T12:25:00.472Z",
    "active": true
  }
},
{
  "model": "blog.comment",
  "pk": 252,
  "fields": {
    "post": 58,
    "name": "Reader 52",
    "email": "reader52@example.com",
    "body": "I baked it a little longer and the texture was spot on.",
    "created_at": "2026-05-17T12:25:00.473Z",
    "updated": "2026-05-17T12:25:00.473Z",
    "active": true
  }
},
{
  "model": "blog.comment",
  "pk": 253,
  "fields": {
    "post": 70,
    "name": "Reader 53",
    "email": "reader53@example.com",
    "body": "This is going into my weekly meal prep rotation.",
    "created_at": "2026-05-17T12:25:00.474Z",
    "updated": "2026-05-17T12:25:00.474Z",
    "active": true
  }
},
{
  "model": "blog.comment",
  "pk": 254,
  "fields": {
    "post": 61,
    "name": "Reader 54",
    "email": "reader54@example.com",
    "body": "I swapped in whole wheat pasta and it still worked well.",
    "created_at": "2026-05-17T12:25:00.475Z",
    "updated": "2026-05-17T12:25:00.475Z",
    "active": true
  }
},
{
  "model": "blog.comment",
  "pk": 255,
  "fields": {
    "post": 68,
    "name": "Reader 55",
    "email": "reader55@example.com",
    "body": "I baked it a little longer and the texture was spot on.",
    "created_at": "2026-05-17T12:25:00.477Z",
    "updated": "2026-05-17T12:25:00.477Z",
    "active": true
  }
},
{
  "model": "blog.comment",
  "pk": 256,
  "fields": {
    "post": 73,
    "name": "Reader 56",
    "email": "reader56@example.com",
    "body": "This is going into my weekly meal prep rotation.",
    "created_at": "2026-05-17T12:25:00.478Z",
    "updated": "2026-05-17T12:25:00.478Z",
    "active": true
  }
},
{
  "model": "blog.comment",
  "pk": 257,
  "fields": {
    "post": 60,
    "name": "Reader 57",
    "email": "reader57@example.com",
    "body": "Perfect for a busy weeknight and easy to follow.",
    "created_at": "2026-05-17T12:25:00.479Z",
    "updated": "2026-05-17T12:25:00.479Z",
    "active": true
  }
},
{
  "model": "blog.comment",
  "pk": 258,
  "fields": {
    "post": 71,
    "name": "Reader 58",
    "email": "reader58@example.com",
    "body": "My family asked for seconds, so this is a keeper.",
    "created_at": "2026-05-17T12:25:00.481Z",
    "updated": "2026-05-17T12:25:00.481Z",
    "active": true
  }
},
{
  "model": "blog.comment",
  "pk": 259,
  "fields": {
    "post": 70,
    "name": "Reader 59",
    "email": "reader59@example.com",
    "body": "This is going into my weekly meal prep rotation.",
    "created_at": "2026-05-17T12:25:00.483Z",
    "updated": "2026-05-17T12:25:00.483Z",
    "active": true
  }
},
{
  "model": "blog.comment",
  "pk": 260,
  "fields": {
    "post": 55,
    "name": "Reader 60",
    "email": "reader60@example.com",
    "body": "My family asked for seconds, so this is a keeper.",
    "created_at": "2026-05-17T12:25:00.484Z",
    "updated": "2026-05-17T12:25:00.484Z",
    "active": true
  }
},
{
  "model": "blog.comment",
  "pk": 261,
  "fields": {
    "post": 65,
    "name": "Reader 61",
    "email": "reader61@example.com",
    "body": "My family asked for seconds, so this is a keeper.",
    "created_at": "2026-05-17T12:25:00.485Z",
    "updated": "2026-05-17T12:25:00.485Z",
    "active": true
  }
},
{
  "model": "blog.comment",
  "pk": 262,
  "fields": {
    "post": 63,
    "name": "Reader 62",
    "email": "reader62@example.com",
    "body": "I baked it a little longer and the texture was spot on.",
    "created_at": "2026-05-17T12:25:00.486Z",
    "updated": "2026-05-17T12:25:00.486Z",
    "active": true
  }
},
{
  "model": "blog.comment",
  "pk": 263,
  "fields": {
    "post": 71,
    "name": "Reader 63",
    "email": "reader63@example.com",
    "body": "My family asked for seconds, so this is a keeper.",
    "created_at": "2026-05-17T12:25:00.488Z",
    "updated": "2026-05-17T12:25:00.488Z",
    "active": true
  }
},
{
  "model": "blog.comment",
  "pk": 264,
  "fields": {
    "post": 66,
    "name": "Reader 64",
    "email": "reader64@example.com",
    "body": "I baked it a little longer and the texture was spot on.",
    "created_at": "2026-05-17T12:25:00.489Z",
    "updated": "2026-05-17T12:25:00.489Z",
    "active": true
  }
},
{
  "model": "blog.comment",
  "pk": 265,
  "fields": {
    "post": 61,
    "name": "Reader 65",
    "email": "reader65@example.com",
    "body": "I swapped in whole wheat pasta and it still worked well.",
    "created_at": "2026-05-17T12:25:00.490Z",
    "updated": "2026-05-17T12:25:00.490Z",
    "active": true
  }
},
{
  "model": "blog.comment",
  "pk": 266,
  "fields": {
    "post": 64,
    "name": "Reader 66",
    "email": "reader66@example.com",
    "body": "I baked it a little longer and the texture was spot on.",
    "created_at": "2026-05-17T12:25:00.490Z",
    "updated": "2026-05-17T12:25:00.491Z",
    "active": true
  }
},
{
  "model": "blog.comment",
  "pk": 267,
  "fields": {
    "post": 53,
    "name": "Reader 67",
    "email": "reader67@example.com",
    "body": "I swapped in whole wheat pasta and it still worked well.",
    "created_at": "2026-05-17T12:25:00.492Z",
    "updated": "2026-05-17T12:25:00.492Z",
    "active": true
  }
},
{
  "model": "blog.comment",
  "pk": 268,
  "fields": {
    "post": 73,
    "name": "Reader 68",
    "email": "reader68@example.com",
    "body": "Perfect for a busy weeknight and easy to follow.",
    "created_at": "2026-05-17T12:25:00.493Z",
    "updated": "2026-05-17T12:25:00.493Z",
    "active": true
  }
},
{
  "model": "blog.comment",
  "pk": 269,
  "fields": {
    "post": 65,
    "name": "Reader 69",
    "email": "reader69@example.com",
    "body": "This is going into my weekly meal prep rotation.",
    "created_at": "2026-05-17T12:25:00.495Z",
    "updated": "2026-05-17T12:25:00.495Z",
    "active": true
  }
},
{
  "model": "blog.comment",
  "pk": 270,
  "fields": {
    "post": 54,
    "name": "Reader 70",
    "email": "reader70@example.com",
    "body": "This is going into my weekly meal prep rotation.",
    "created_at": "2026-05-17T12:25:00.496Z",
    "updated": "2026-05-17T12:25:00.496Z",
    "active": true
  }
},
{
  "model": "blog.comment",
  "pk": 271,
  "fields": {
    "post": 55,
    "name": "Reader 71",
    "email": "reader71@example.com",
    "body": "This is going into my weekly meal prep rotation.",
    "created_at": "2026-05-17T12:25:00.498Z",
    "updated": "2026-05-17T12:25:00.498Z",
    "active": true
  }
},
{
  "model": "blog.comment",
  "pk": 272,
  "fields": {
    "post": 57,
    "name": "Reader 72",
    "email": "reader72@example.com",
    "body": "I added extra herbs and it turned out great.",
    "created_at": "2026-05-17T12:25:00.499Z",
    "updated": "2026-05-17T12:25:00.499Z",
    "active": true
  }
},
{
  "model": "taggit.tag",
  "pk": 42,
  "fields": {
    "name": "easy",
    "slug": "easy"
  }
},
{
  "model": "taggit.tag",
  "pk": 43,
  "fields": {
    "name": "healthy",
    "slug": "healthy"
  }
},
{
  "model": "taggit.tag",
  "pk": 44,
  "fields": {
    "name": "fresh",
    "slug": "fresh"
  }
},
{
  "model": "taggit.tag",
  "pk": 45,
  "fields": {
    "name": "make ahead",
    "slug": "make-ahead"
  }
},
{
  "model": "taggit.tag",
  "pk": 46,
  "fields": {
    "name": "vegan",
    "slug": "vegan"
  }
},
{
  "model": "taggit.tag",
  "pk": 47,
  "fields": {
    "name": "gluten free",
    "slug": "gluten-free"
  }
},
{
  "model": "taggit.tag",
  "pk": 48,
  "fields": {
    "name": "high protein",
    "slug": "high-protein"
  }
},
{
  "model": "taggit.tag",
  "pk": 49,
  "fields": {
    "name": "quick",
    "slug": "quick"
  }
},
{
  "model": "taggit.tag",
  "pk": 50,
  "fields": {
    "name": "vegetarian",
    "slug": "vegetarian"
  }
},
{
  "model": "taggit.tag",
  "pk": 51,
  "fields": {
    "name": "kid friendly",
    "slug": "kid-friendly"
  }
},
{
  "model": "taggit.tag",
  "pk": 52,
  "fields": {
    "name": "meal prep",
    "slug": "meal-prep"
  }
},
{
  "model": "taggit.tag",
  "pk": 53,
  "fields": {
    "name": "weeknight",
    "slug": "weeknight"
  }
},
{
  "model": "taggit.tag",
  "pk": 54,
  "fields": {
    "name": "weekend",
    "slug": "weekend"
  }
},
{
  "model": "taggit.tag",
  "pk": 55,
  "fields": {
    "name": "budget friendly",
    "slug": "budget-friendly"
  }
},
{
  "model": "taggit.tag",
  "pk": 56,
  "fields": {
    "name": "comfort food",
    "slug": "comfort-food"
  }
},
{
  "model": "taggit.tag",
  "pk": 57,
  "fields": {
    "name": "seasonal",
    "slug": "seasonal"
  }
},
{
  "model": "taggit.tag",
  "pk": 58,
  "fields": {
    "name": "one pan",
    "slug": "one-pan"
  }
},
{
  "model": "taggit.taggeditem",
  "pk": 142,
  "fields": {
    "tag": 42,
    "content_type": 14,
    "object_id": 52
  }
},
{
  "model": "taggit.taggeditem",
  "pk": 143,
  "fields": {
    "tag": 43,
    "content_type": 14,
    "object_id": 52
  }
},
{
  "model": "taggit.taggeditem",
  "pk": 144,
  "fields": {
    "tag": 44,
    "content_type": 14,
    "object_id": 52
  }
},
{
  "model": "taggit.taggeditem",
  "pk": 145,
  "fields": {
    "tag": 45,
    "content_type": 14,
    "object_id": 52
  }
},
{
  "model": "taggit.taggeditem",
  "pk": 146,
  "fields": {
    "tag": 48,
    "content_type": 14,
    "object_id": 52
  }
},
{
  "model": "taggit.taggeditem",
  "pk": 147,
  "fields": {
    "tag": 46,
    "content_type": 14,
    "object_id": 52
  }
},
{
  "model": "taggit.taggeditem",
  "pk": 148,
  "fields": {
    "tag": 47,
    "content_type": 14,
    "object_id": 52
  }
},
{
  "model": "taggit.taggeditem",
  "pk": 149,
  "fields": {
    "tag": 49,
    "content_type": 14,
    "object_id": 53
  }
},
{
  "model": "taggit.taggeditem",
  "pk": 150,
  "fields": {
    "tag": 42,
    "content_type": 14,
    "object_id": 53
  }
},
{
  "model": "taggit.taggeditem",
  "pk": 151,
  "fields": {
    "tag": 43,
    "content_type": 14,
    "object_id": 53
  }
},
{
  "model": "taggit.taggeditem",
  "pk": 152,
  "fields": {
    "tag": 50,
    "content_type": 14,
    "object_id": 53
  }
},
{
  "model": "taggit.taggeditem",
  "pk": 153,
  "fields": {
    "tag": 46,
    "content_type": 14,
    "object_id": 53
  }
},
{
  "model": "taggit.taggeditem",
  "pk": 154,
  "fields": {
    "tag": 47,
    "content_type": 14,
    "object_id": 53
  }
},
{
  "model": "taggit.taggeditem",
  "pk": 155,
  "fields": {
    "tag": 48,
    "content_type": 14,
    "object_id": 54
  }
},
{
  "model": "taggit.taggeditem",
  "pk": 156,
  "fields": {
    "tag": 49,
    "content_type": 14,
    "object_id": 54
  }
},
{
  "model": "taggit.taggeditem",
  "pk": 157,
  "fields": {
    "tag": 51,
    "content_type": 14,
    "object_id": 54
  }
},
{
  "model": "taggit.taggeditem",
  "pk": 158,
  "fields": {
    "tag": 52,
    "content_type": 14,
    "object_id": 54
  }
},
{
  "model": "taggit.taggeditem",
  "pk": 159,
  "fields": {
    "tag": 53,
    "content_type": 14,
    "object_id": 54
  }
},
{
  "model": "taggit.taggeditem",
  "pk": 160,
  "fields": {
    "tag": 42,
    "content_type": 14,
    "object_id": 55
  }
},
{
  "model": "taggit.taggeditem",
  "pk": 161,
  "fields": {
    "tag": 51,
    "content_type": 14,
    "object_id": 55
  }
},
{
  "model": "taggit.taggeditem",
  "pk": 162,
  "fields": {
    "tag": 44,
    "content_type": 14,
    "object_id": 55
  }
},
{
  "model": "taggit.taggeditem",
  "pk": 163,
  "fields": {
    "tag": 54,
    "content_type": 14,
    "object_id": 55
  }
},
{
  "model": "taggit.taggeditem",
  "pk": 164,
  "fields": {
    "tag": 43,
    "content_type": 14,
    "object_id": 55
  }
},
{
  "model": "taggit.taggeditem",
  "pk": 165,
  "fields": {
    "tag": 55,
    "content_type": 14,
    "object_id": 55
  }
},
{
  "model": "taggit.taggeditem",
  "pk": 166,
  "fields": {
    "tag": 47,
    "content_type": 14,
    "object_id": 55
  }
},
{
  "model": "taggit.taggeditem",
  "pk": 167,
  "fields": {
    "tag": 48,
    "content_type": 14,
    "object_id": 56
  }
},
{
  "model": "taggit.taggeditem",
  "pk": 168,
  "fields": {
    "tag": 49,
    "content_type": 14,
    "object_id": 56
  }
},
{
  "model": "taggit.taggeditem",
  "pk": 169,
  "fields": {
    "tag": 42,
    "content_type": 14,
    "object_id": 56
  }
},
{
  "model": "taggit.taggeditem",
  "pk": 170,
  "fields": {
    "tag": 53,
    "content_type": 14,
    "object_id": 56
  }
},
{
  "model": "taggit.taggeditem",
  "pk": 171,
  "fields": {
    "tag": 50,
    "content_type": 14,
    "object_id": 57
  }
},
{
  "model": "taggit.taggeditem",
  "pk": 172,
  "fields": {
    "tag": 43,
    "content_type": 14,
    "object_id": 57
  }
},
{
  "model": "taggit.taggeditem",
  "pk": 173,
  "fields": {
    "tag": 44,
    "content_type": 14,
    "object_id": 57
  }
},
{
  "model": "taggit.taggeditem",
  "pk": 174,
  "fields": {
    "tag": 52,
    "content_type": 14,
    "object_id": 57
  }
},
{
  "model": "taggit.taggeditem",
  "pk": 175,
  "fields": {
    "tag": 56,
    "content_type": 14,
    "object_id": 58
  }
},
{
  "model": "taggit.taggeditem",
  "pk": 176,
  "fields": {
    "tag": 42,
    "content_type": 14,
    "object_id": 58
  }
},
{
  "model": "taggit.taggeditem",
  "pk": 177,
  "fields": {
    "tag": 51,
    "content_type": 14,
    "object_id": 58
  }
},
{
  "model": "taggit.taggeditem",
  "pk": 178,
  "fields": {
    "tag": 53,
    "content_type": 14,
    "object_id": 58
  }
},
{
  "model": "taggit.taggeditem",
  "pk": 179,
  "fields": {
    "tag": 57,
    "content_type": 14,
    "object_id": 58
  }
},
{
  "model": "taggit.taggeditem",
  "pk": 180,
  "fields": {
    "tag": 48,
    "content_type": 14,
    "object_id": 59
  }
},
{
  "model": "taggit.taggeditem",
  "pk": 181,
  "fields": {
    "tag": 49,
    "content_type": 14,
    "object_id": 59
  }
},
{
  "model": "taggit.taggeditem",
  "pk": 182,
  "fields": {
    "tag": 58,
    "content_type": 14,
    "object_id": 59
  }
},
{
  "model": "taggit.taggeditem",
  "pk": 183,
  "fields": {
    "tag": 53,
    "content_type": 14,
    "object_id": 59
  }
},
{
  "model": "taggit.taggeditem",
  "pk": 184,
  "fields": {
    "tag": 48,
    "content_type": 14,
    "object_id": 60
  }
},
{
  "model": "taggit.taggeditem",
  "pk": 185,
  "fields": {
    "tag": 58,
    "content_type": 14,
    "object_id": 60
  }
},
{
  "model": "taggit.taggeditem",
  "pk": 186,
  "fields": {
    "tag": 43,
    "content_type": 14,
    "object_id": 60
  }
},
{
  "model": "taggit.taggeditem",
  "pk": 187,
  "fields": {
    "tag": 44,
    "content_type": 14,
    "object_id": 60
  }
},
{
  "model": "taggit.taggeditem",
  "pk": 188,
  "fields": {
    "tag": 53,
    "content_type": 14,
    "object_id": 60
  }
},
{
  "model": "taggit.taggeditem",
  "pk": 189,
  "fields": {
    "tag": 56,
    "content_type": 14,
    "object_id": 61
  }
},
{
  "model": "taggit.taggeditem",
  "pk": 190,
  "fields": {
    "tag": 42,
    "content_type": 14,
    "object_id": 61
  }
},
{
  "model": "taggit.taggeditem",
  "pk": 191,
  "fields": {
    "tag": 50,
    "content_type": 14,
    "object_id": 61
  }
},
{
  "model": "taggit.taggeditem",
  "pk": 192,
  "fields": {
    "tag": 53,
    "content_type": 14,
    "object_id": 61
  }
},
{
  "model": "taggit.taggeditem",
  "pk": 193,
  "fields": {
    "tag": 58,
    "content_type": 14,
    "object_id": 61
  }
},
{
  "model": "taggit.taggeditem",
  "pk": 194,
  "fields": {
    "tag": 49,
    "content_type": 14,
    "object_id": 62
  }
},
{
  "model": "taggit.taggeditem",
  "pk": 195,
  "fields": {
    "tag": 58,
    "content_type": 14,
    "object_id": 62
  }
},
{
  "model": "taggit.taggeditem",
  "pk": 196,
  "fields": {
    "tag": 51,
    "content_type": 14,
    "object_id": 62
  }
},
{
  "model": "taggit.taggeditem",
  "pk": 197,
  "fields": {
    "tag": 53,
    "content_type": 14,
    "object_id": 62
  }
},
{
  "model": "taggit.taggeditem",
  "pk": 198,
  "fields": {
    "tag": 50,
    "content_type": 14,
    "object_id": 62
  }
},
{
  "model": "taggit.taggeditem",
  "pk": 199,
  "fields": {
    "tag": 56,
    "content_type": 14,
    "object_id": 63
  }
},
{
  "model": "taggit.taggeditem",
  "pk": 200,
  "fields": {
    "tag": 50,
    "content_type": 14,
    "object_id": 63
  }
},
{
  "model": "taggit.taggeditem",
  "pk": 201,
  "fields": {
    "tag": 43,
    "content_type": 14,
    "object_id": 63
  }
},
{
  "model": "taggit.taggeditem",
  "pk": 202,
  "fields": {
    "tag": 46,
    "content_type": 14,
    "object_id": 63
  }
},
{
  "model": "taggit.taggeditem",
  "pk": 203,
  "fields": {
    "tag": 58,
    "content_type": 14,
    "object_id": 63
  }
},
{
  "model": "taggit.taggeditem",
  "pk": 204,
  "fields": {
    "tag": 48,
    "content_type": 14,
    "object_id": 64
  }
},
{
  "model": "taggit.taggeditem",
  "pk": 205,
  "fields": {
    "tag": 49,
    "content_type": 14,
    "object_id": 64
  }
},
{
  "model": "taggit.taggeditem",
  "pk": 206,
  "fields": {
    "tag": 56,
    "content_type": 14,
    "object_id": 64
  }
},
{
  "model": "taggit.taggeditem",
  "pk": 207,
  "fields": {
    "tag": 58,
    "content_type": 14,
    "object_id": 64
  }
},
{
  "model": "taggit.taggeditem",
  "pk": 208,
  "fields": {
    "tag": 43,
    "content_type": 14,
    "object_id": 64
  }
},
{
  "model": "taggit.taggeditem",
  "pk": 209,
  "fields": {
    "tag": 56,
    "content_type": 14,
    "object_id": 65
  }
},
{
  "model": "taggit.taggeditem",
  "pk": 210,
  "fields": {
    "tag": 43,
    "content_type": 14,
    "object_id": 65
  }
},
{
  "model": "taggit.taggeditem",
  "pk": 211,
  "fields": {
    "tag": 52,
    "content_type": 14,
    "object_id": 65
  }
},
{
  "model": "taggit.taggeditem",
  "pk": 212,
  "fields": {
    "tag": 46,
    "content_type": 14,
    "object_id": 65
  }
},
{
  "model": "taggit.taggeditem",
  "pk": 213,
  "fields": {
    "tag": 47,
    "content_type": 14,
    "object_id": 65
  }
},
{
  "model": "taggit.taggeditem",
  "pk": 214,
  "fields": {
    "tag": 42,
    "content_type": 14,
    "object_id": 66
  }
},
{
  "model": "taggit.taggeditem",
  "pk": 215,
  "fields": {
    "tag": 51,
    "content_type": 14,
    "object_id": 66
  }
},
{
  "model": "taggit.taggeditem",
  "pk": 216,
  "fields": {
    "tag": 44,
    "content_type": 14,
    "object_id": 66
  }
},
{
  "model": "taggit.taggeditem",
  "pk": 217,
  "fields": {
    "tag": 55,
    "content_type": 14,
    "object_id": 66
  }
},
{
  "model": "taggit.taggeditem",
  "pk": 218,
  "fields": {
    "tag": 57,
    "content_type": 14,
    "object_id": 66
  }
},
{
  "model": "taggit.taggeditem",
  "pk": 219,
  "fields": {
    "tag": 45,
    "content_type": 14,
    "object_id": 66
  }
},
{
  "model": "taggit.taggeditem",
  "pk": 220,
  "fields": {
    "tag": 42,
    "content_type": 14,
    "object_id": 67
  }
},
{
  "model": "taggit.taggeditem",
  "pk": 221,
  "fields": {
    "tag": 44,
    "content_type": 14,
    "object_id": 67
  }
},
{
  "model": "taggit.taggeditem",
  "pk": 222,
  "fields": {
    "tag": 45,
    "content_type": 14,
    "object_id": 67
  }
},
{
  "model": "taggit.taggeditem",
  "pk": 223,
  "fields": {
    "tag": 54,
    "content_type": 14,
    "object_id": 67
  }
},
{
  "model": "taggit.taggeditem",
  "pk": 224,
  "fields": {
    "tag": 57,
    "content_type": 14,
    "object_id": 68
  }
},
{
  "model": "taggit.taggeditem",
  "pk": 225,
  "fields": {
    "tag": 42,
    "content_type": 14,
    "object_id": 68
  }
},
{
  "model": "taggit.taggeditem",
  "pk": 226,
  "fields": {
    "tag": 44,
    "content_type": 14,
    "object_id": 68
  }
},
{
  "model": "taggit.taggeditem",
  "pk": 227,
  "fields": {
    "tag": 54,
    "content_type": 14,
    "object_id": 68
  }
},
{
  "model": "taggit.taggeditem",
  "pk": 228,
  "fields": {
    "tag": 48,
    "content_type": 14,
    "object_id": 68
  }
},
{
  "model": "taggit.taggeditem",
  "pk": 229,
  "fields": {
    "tag": 42,
    "content_type": 14,
    "object_id": 69
  }
},
{
  "model": "taggit.taggeditem",
  "pk": 230,
  "fields": {
    "tag": 51,
    "content_type": 14,
    "object_id": 69
  }
},
{
  "model": "taggit.taggeditem",
  "pk": 231,
  "fields": {
    "tag": 54,
    "content_type": 14,
    "object_id": 69
  }
},
{
  "model": "taggit.taggeditem",
  "pk": 232,
  "fields": {
    "tag": 55,
    "content_type": 14,
    "object_id": 69
  }
},
{
  "model": "taggit.taggeditem",
  "pk": 233,
  "fields": {
    "tag": 49,
    "content_type": 14,
    "object_id": 69
  }
},
{
  "model": "taggit.taggeditem",
  "pk": 234,
  "fields": {
    "tag": 49,
    "content_type": 14,
    "object_id": 70
  }
},
{
  "model": "taggit.taggeditem",
  "pk": 235,
  "fields": {
    "tag": 50,
    "content_type": 14,
    "object_id": 70
  }
},
{
  "model": "taggit.taggeditem",
  "pk": 236,
  "fields": {
    "tag": 43,
    "content_type": 14,
    "object_id": 70
  }
},
{
  "model": "taggit.taggeditem",
  "pk": 237,
  "fields": {
    "tag": 44,
    "content_type": 14,
    "object_id": 70
  }
},
{
  "model": "taggit.taggeditem",
  "pk": 238,
  "fields": {
    "tag": 56,
    "content_type": 14,
    "object_id": 70
  }
},
{
  "model": "taggit.taggeditem",
  "pk": 239,
  "fields": {
    "tag": 51,
    "content_type": 14,
    "object_id": 70
  }
},
{
  "model": "taggit.taggeditem",
  "pk": 240,
  "fields": {
    "tag": 55,
    "content_type": 14,
    "object_id": 70
  }
},
{
  "model": "taggit.taggeditem",
  "pk": 241,
  "fields": {
    "tag": 49,
    "content_type": 14,
    "object_id": 71
  }
},
{
  "model": "taggit.taggeditem",
  "pk": 242,
  "fields": {
    "tag": 42,
    "content_type": 14,
    "object_id": 71
  }
},
{
  "model": "taggit.taggeditem",
  "pk": 243,
  "fields": {
    "tag": 53,
    "content_type": 14,
    "object_id": 71
  }
},
{
  "model": "taggit.taggeditem",
  "pk": 244,
  "fields": {
    "tag": 55,
    "content_type": 14,
    "object_id": 71
  }
},
{
  "model": "taggit.taggeditem",
  "pk": 245,
  "fields": {
    "tag": 44,
    "content_type": 14,
    "object_id": 71
  }
},
{
  "model": "taggit.taggeditem",
  "pk": 246,
  "fields": {
    "tag": 57,
    "content_type": 14,
    "object_id": 71
  }
},
{
  "model": "taggit.taggeditem",
  "pk": 247,
  "fields": {
    "tag": 57,
    "content_type": 14,
    "object_id": 72
  }
},
{
  "model": "taggit.taggeditem",
  "pk": 248,
  "fields": {
    "tag": 42,
    "content_type": 14,
    "object_id": 72
  }
},
{
  "model": "taggit.taggeditem",
  "pk": 249,
  "fields": {
    "tag": 44,
    "content_type": 14,
    "object_id": 72
  }
},
{
  "model": "taggit.taggeditem",
  "pk": 250,
  "fields": {
    "tag": 45,
    "content_type": 14,
    "object_id": 72
  }
},
{
  "model": "taggit.taggeditem",
  "pk": 251,
  "fields": {
    "tag": 53,
    "content_type": 14,
    "object_id": 72
  }
},
{
  "model": "taggit.taggeditem",
  "pk": 252,
  "fields": {
    "tag": 43,
    "content_type": 14,
    "object_id": 73
  }
},
{
  "model": "taggit.taggeditem",
  "pk": 253,
  "fields": {
    "tag": 52,
    "content_type": 14,
    "object_id": 73
  }
},
{
  "model": "taggit.taggeditem",
  "pk": 254,
  "fields": {
    "tag": 46,
    "content_type": 14,
    "object_id": 73
  }
},
{
  "model": "taggit.taggeditem",
  "pk": 255,
  "fields": {
    "tag": 55,
    "content_type": 14,
    "object_id": 73
  }
},
{
  "model": "taggit.taggeditem",
  "pk": 256,
  "fields": {
    "tag": 50,
    "content_type": 14,
    "object_id": 73
  }
},
{
  "model": "taggit.taggeditem",
  "pk": 257,
  "fields": {
    "tag": 44,
    "content_type": 14,
    "object_id": 73
  }
},
{
  "model": "taggit.taggeditem",
  "pk": 258,
  "fields": {
    "tag": 53,
    "content_type": 14,
    "object_id": 73
  }
},
{
  "model": "taggit.taggeditem",
  "pk": 259,
  "fields": {
    "tag": 49,
    "content_type": 14,
    "object_id": 74
  }
},
{
  "model": "taggit.taggeditem",
  "pk": 260,
  "fields": {
    "tag": 42,
    "content_type": 14,
    "object_id": 74
  }
},
{
  "model": "taggit.taggeditem",
  "pk": 261,
  "fields": {
    "tag": 51,
    "content_type": 14,
    "object_id": 74
  }
},
{
  "model": "taggit.taggeditem",
  "pk": 262,
  "fields": {
    "tag": 45,
    "content_type": 14,
    "object_id": 74
  }
},
{
  "model": "taggit.taggeditem",
  "pk": 263,
  "fields": {
    "tag": 48,
    "content_type": 14,
    "object_id": 74
  }
},
{
  "model": "taggit.taggeditem",
  "pk": 264,
  "fields": {
    "tag": 55,
    "content_type": 14,
    "object_id": 74
  }
},
{
  "model": "taggit.taggeditem",
  "pk": 265,
  "fields": {
    "tag": 49,
    "content_type": 14,
    "object_id": 75
  }
},
{
  "model": "taggit.taggeditem",
  "pk": 266,
  "fields": {
    "tag": 50,
    "content_type": 14,
    "object_id": 75
  }
},
{
  "model": "taggit.taggeditem",
  "pk": 267,
  "fields": {
    "tag": 43,
    "content_type": 14,
    "object_id": 75
  }
},
{
  "model": "taggit.taggeditem",
  "pk": 268,
  "fields": {
    "tag": 44,
    "content_type": 14,
    "object_id": 75
  }
},
{
  "model": "taggit.taggeditem",
  "pk": 269,
  "fields": {
    "tag": 58,
    "content_type": 14,
    "object_id": 75
  }
},
{
  "model": "taggit.taggeditem",
  "pk": 270,
  "fields": {
    "tag": 53,
    "content_type": 14,
    "object_id": 75
  }
}
]
